{"dual_bound": 0.36438072700003654, "primal_bound": 615.9814784009984}